RewriteEngine On
Redirect /rss https://sancraft.de:8443
Redirect /discord https://discord.com/invite/d72Wjyym6m
Redirect /dc https://discord.com/invite/d72Wjyym6m
Redirect /mod https://github.com/SanCraftDev/Mod-Installer
Redirect /mods https://github.com/SanCraftDev/Mod-Installer
Redirect /software https://github.com/SanCraftDev/Software-Installer
Redirect /stacker https://github.com/SanCraftDev/Stacker
Redirect /stack https://github.com/SanCraftDev/Stacker
Redirect /modinstaller https://github.com/SanCraftDev/Mod-Installer
Redirect /mod-isnatller https://github.com/SanCraftDev/Mod-Installer
Redirect /softwareinstaller https://github.com/SanCraftDev/Software-Installer
Redirect /software-installer https://github.com/SanCraftDev/Software-Installer
Redirect /setup https://github.com/SanCraftDev/Debian-Setup
Redirect /debian https://github.com/SanCraftDev/Debian-Setup
Redirect /setup-debian https://github.com/SanCraftDev/Debian-Setup
Redirect /debian-setup https://sancraft.dev/Debian-Setup
Redirect /github https://github.com/SanCraftDev
Redirect /ribstnib https://github.com/SanCraftDev/ribstnib/releases/latest
Redirect /mid https://github.com/SanCraftDev/Mod-Installer/releases/latest
Redirect /sid https://github.com/SanCraftDev/Software-Installer/releases/latest
Redirect /ds https://github.com/SanCraftDev/Debian-Setup/blob/main/README.md#list-of-content-only-works-on-direkt-on-github
Redirect /sd https://github.com/SanCraftDev/Stacker/releases/latest
Redirect /pb https://discord.com/api/oauth2/authorize?client_id=742096151301455882&scope=applications.commands+bot
Redirect /ppt https://github.com/SanCraftDev/PufferPanel-templates/blob/main/README.md

Redirect /xray https://www.curseforge.com/minecraft/texture-packs/xray-ultimate-1-11-compatible
Redirect /dark https://github.com/xnebulr/Minecraft-Default-Dark-Mode/
Redirect /18new https://www.reddit.com/r/Minecraft/comments/ilauey/i_made_a_resource_pack_that_updates_18_textures/
Redirect /18new2 https://www.planetminecraft.com/texture-pack/1-17-ores-for-1-8-9/

Redirect /a24dmng https://map.a24dmng.de/
Redirect /a24 https://map.a24dmng.de/
Redirect /lobby https://map.a24dmng.de/
Redirect /oneblock https://ob.sancraft.de/
Redirect /ob https://ob.sancraft.de/
Redirect /map https://map.sancraft.de/
Redirect /survival https://map.sancraft.de/
Redirect /sc https://map.sancraft.de/
Redirect /sch https://map.sancraft.de/

Redirect /webmail https://mailcow.san0j.de
Redirect /wm https://mailcow.san0j.de

Redirect /ban https://web.staffplusplus.org
Redirect /staff++ https://web.staffplusplus.org
Redirect /s+ https://web.staffplusplus.org
Redirect /staff https://web.staffplusplus.org

